alternative_id,alternative_name,category,is_verified_competitor,verification_basis,target_buyer,workflow_coverage,source_of_authority,enforces_or_advises,bypassable_by_user,custody_or_funds_flow_role,ai_role,ai_can_decide_release,integrations,pricing_evidence,pricing_source_id,strengths,limitations,proof_of_adoption,adoption_source_id,overlap_with_vektrum,partner_or_competitor,last_verified_date,source_ids,notes
ALT-001,,Construction draw management platform,unverified_candidate,"Official product documentation reviewed? yes/no. Second corroborating source? yes/no",,"Which steps of the draw-to-payment workflow it covers","Where its decisions get their force: contract, configuration, workflow routing, or server-side enforcement","enforces / advises / unknown","yes / no / unknown — can a user click past a failed condition?","none / holds funds / initiates transfer / disburses under licence","none / document extraction / risk scoring / recommendation / autonomous decision","yes / no / unknown",,"Official pricing page, filing, or public procurement record only",,,,"Customer counts, named logos, case studies, filings",,"Which parts of Vektrum's workflow this alternative already covers","partner / competitor / both / channel",,,
ALT-002,,Construction loan servicing software,unverified_candidate,,,,,,,,,,,,,,,,,,,,,
ALT-003,,Fund control / disbursement control service,unverified_candidate,,,,,,,,,,,,,,,,,,,,,"Fund control companies already perform conditional disbursement, sometimes under state licence. Arguably the closest true analog to Vektrum's function and the most important row in this matrix — do not treat as a footnote"
ALT-004,,Title / escrow construction disbursement,unverified_candidate,,,,,,,,,,,,,,,,,,,,,
ALT-005,,Construction project management platform,unverified_candidate,,,,,,,,,,,,,,,,,,,,,
ALT-006,,Payment / banking infrastructure,unverified_candidate,,,,,,,,,,,,,,,,,,,,,
ALT-007,,Lender core / loan origination system,unverified_candidate,,,,,,,,,,,,,,,,,,,,,
ALT-008,,Inspection service,unverified_candidate,,,,,,,,,,,,,,,,,,,,,
ALT-999,"Status quo: spreadsheets, email, manual approval chains",Status quo,verified_by_definition,"The default alternative in every deal — include always",,"Whatever the institution's checklist covers","Habit, policy documents, individual judgment","advises","yes — always","varies by institution","none","no",,"Zero marginal cost; the incumbent's price is always zero",,"Free, flexible, already trusted, nobody has to be trained","No enforcement, no audit trail, no duplicate detection, breaks under time pressure",,,"Complete overlap in function, zero overlap in enforcement","competitor",,,"THE REAL INCUMBENT in most deals. Test A-13. A competitive analysis that omits the status quo is measuring the wrong race — most lost deals go to no-decision, not to a rival vendor"
